sHSP,Full-length Sequence/ Sequence Partition,Region,Positions excluded from calculation,Averaged w
HspB1,M1 - K205,full-length,"M1, F8, W16",0.127259844
HspB1,M1 - P57,N-terminal domain,"M1, F8, W16",0.103739724
HspB1,L58 - S78,central region,,0.232117491
HspB1,R79 - P168,a-crystallin domain,,0.068691485
HspB1,M169 - K205,C-terminal extension,,0.189770285
HspB1,M1 - G122,exon 1,"M1, F8, W16",0.118231865
HspB1,K123 - Y143,exon 2,,0.031730104
HspB1,T144 - K205,exon 3,,0.146547927
,,,,
HspB3,M1 - K150,full-length,"M1, W93, M104",0.230410507
HspB3,M1 - P40,N-terminal domain,M1,0.149744355
HspB3,T41 - H70,central region,,0.6129221
HspB3,F71 - L139,a-crystallin domain,"W93, M104",0.086102468
HspB3,V140 - K150,C-terminal extension,,0.415379912
,,,,
HspB5,M1 - K175,full-length,"M1, W60, Q108",0.119868564
HspB5,M1 - P51,N-terminal domain,M1,0.106096855
HspB5,P52 - T63,central region,W60,0.222952059
HspB5,G64 - R149,a-crystallin domain,Q108,0.084090219
HspB5,K150 - K175,C-terminal extension,,0.209530725
HspB5,M1 - E67,exon 1,"M1, W60",0.126219272
HspB5,M68 - R107,exon 2,,0.085742014
HspB5,Q108 - K175,exon 3,Q108,0.134228028
,,,,
HspB8,M1 - T196,full-length,"M1, W48, W51, W96",0.109171426
HspB8,M1 - M68,N-terminal domain,"M1, W48,  W51",0.091547853
HspB8,V69 - G93,central region,,0.19359246
HspB8,E94 - Y174,a-crystallin domain,W96,0.037249788
HspB8,S175 - T196,C-terminal extension,,0.272319967
HspB8,M1 - G123,exon 1,"M1, W48, W51, W96",0.105603669
HspB8,K124 - I143,exon 2,,0.03512524
HspB8,Q144 - T196,exon 3,,0.144569705
